{"114.10.94.231": {"min_ts": 1767514105.3117855, "day_ts": 1767456103.5546439, "req_min": 1, "req_day": 12, "req_total": 12}, "114.10.94.149": {"min_ts": 1767515097.790601, "day_ts": 1767515097.790601, "req_min": 1, "req_day": 1, "req_total": 1}, "2605:4c40:158:2501:0:cdd9:8820:1": {"min_ts": 1767515155.6344874, "day_ts": 1767515155.6344874, "req_min": 1, "req_day": 1, "req_total": 1}, "114.10.95.39": {"min_ts": 1767524054.353522, "day_ts": 1767521244.9923563, "req_min": 1, "req_day": 3, "req_total": 3}, "114.10.94.192": {"min_ts": 1767529000.1063385, "day_ts": 1767529000.1063385, "req_min": 1, "req_day": 1, "req_total": 1}, "182.4.68.137": {"min_ts": 1767542787.1514206, "day_ts": 1767540275.0476027, "req_min": 2, "req_day": 4, "req_total": 4}, "114.10.150.155": {"min_ts": 1767544926.5183554, "day_ts": 1767544926.5183554, "req_min": 1, "req_day": 1, "req_total": 1}, "114.141.55.123": {"min_ts": 1767545065.8265955, "day_ts": 1767545065.8265955, "req_min": 2, "req_day": 2, "req_total": 2}, "182.4.73.209": {"min_ts": 1767622984.1554265, "day_ts": 1767622812.6839182, "req_min": 1, "req_day": 3, "req_total": 3}, "114.10.94.158": {"min_ts": 1767632886.8925123, "day_ts": 1767632754.8939667, "req_min": 1, "req_day": 2, "req_total": 2}, "114.10.94.137": {"min_ts": 1767678088.2525392, "day_ts": 1767667346.5835843, "req_min": 1, "req_day": 2, "req_total": 2}, "114.10.95.34": {"min_ts": 1767756171.9377275, "day_ts": 1767756171.9377275, "req_min": 1, "req_day": 1, "req_total": 1}}