{"114.10.94.231": {"min_ts": 1767514105.3117855, "day_ts": 1767456103.5546439, "req_min": 1, "req_day": 12, "req_total": 12}, "114.10.94.149": {"min_ts": 1767515097.790601, "day_ts": 1767515097.790601, "req_min": 1, "req_day": 1, "req_total": 1}, "2605:4c40:158:2501:0:cdd9:8820:1": {"min_ts": 1767515155.6344874, "day_ts": 1767515155.6344874, "req_min": 1, "req_day": 1, "req_total": 1}, "114.10.95.39": {"min_ts": 1767524054.353522, "day_ts": 1767521244.9923563, "req_min": 1, "req_day": 3, "req_total": 3}, "114.10.94.192": {"min_ts": 1767529000.1063385, "day_ts": 1767529000.1063385, "req_min": 1, "req_day": 1, "req_total": 1}, "182.4.68.137": {"min_ts": 1767542787.1514206, "day_ts": 1767540275.0476027, "req_min": 2, "req_day": 4, "req_total": 4}, "114.10.150.155": {"min_ts": 1767544926.5183554, "day_ts": 1767544926.5183554, "req_min": 1, "req_day": 1, "req_total": 1}, "114.141.55.123": {"min_ts": 1767545065.8265955, "day_ts": 1767545065.8265955, "req_min": 2, "req_day": 2, "req_total": 2}, "182.4.73.209": {"min_ts": 1767622984.1554265, "day_ts": 1767622812.6839182, "req_min": 1, "req_day": 3, "req_total": 3}, "114.10.94.158": {"min_ts": 1767632886.8925123, "day_ts": 1767632754.8939667, "req_min": 1, "req_day": 2, "req_total": 2}, "114.10.94.137": {"min_ts": 1767678088.2525392, "day_ts": 1767667346.5835843, "req_min": 1, "req_day": 2, "req_total": 2}, "114.10.95.34": {"min_ts": 1767803142.855857, "day_ts": 1767756171.9377275, "req_min": 1, "req_day": 12, "req_total": 12}, "149.154.161.244": {"min_ts": 1767800604.9728296, "day_ts": 1767800604.9728296, "req_min": 1, "req_day": 1, "req_total": 1}, "167.88.158.91": {"min_ts": 1767800605.5520077, "day_ts": 1767800605.5520077, "req_min": 1, "req_day": 1, "req_total": 1}, "95.161.76.49": {"min_ts": 1767800611.955599, "day_ts": 1767800611.955599, "req_min": 1, "req_day": 1, "req_total": 1}, "149.154.161.218": {"min_ts": 1767800665.7974153, "day_ts": 1767800665.7974153, "req_min": 1, "req_day": 1, "req_total": 1}, "95.161.76.23": {"min_ts": 1767800673.3754604, "day_ts": 1767800673.3754604, "req_min": 1, "req_day": 1, "req_total": 1}, "149.154.161.236": {"min_ts": 1767800726.1966307, "day_ts": 1767800726.1966307, "req_min": 1, "req_day": 1, "req_total": 1}, "95.161.76.41": {"min_ts": 1767800733.5834796, "day_ts": 1767800733.5834796, "req_min": 1, "req_day": 1, "req_total": 1}, "114.10.151.136": {"min_ts": 1767840070.7995868, "day_ts": 1767840070.7995868, "req_min": 1, "req_day": 1, "req_total": 1}, "114.10.94.129": {"min_ts": 1767850107.6999803, "day_ts": 1767850107.6999803, "req_min": 1, "req_day": 1, "req_total": 1}, "182.4.73.101": {"min_ts": 1767890515.2399356, "day_ts": 1767887337.0887458, "req_min": 1, "req_day": 2, "req_total": 2}}